-- phpMyAdmin SQL Dump
-- version 5.0.2
-- https://www.phpmyadmin.net/
--
-- Anamakine: 127.0.0.1:3306
-- Üretim Zamanı: 20 Eyl 2022, 20:17:26
-- Sunucu sürümü: 5.7.31
-- PHP Sürümü: 7.3.21

SET SQL_MODE = "NO_AUTO_VALUE_ON_ZERO";
START TRANSACTION;
SET time_zone = "+00:00";


/*!40101 SET @OLD_CHARACTER_SET_CLIENT=@@CHARACTER_SET_CLIENT */;
/*!40101 SET @OLD_CHARACTER_SET_RESULTS=@@CHARACTER_SET_RESULTS */;
/*!40101 SET @OLD_COLLATION_CONNECTION=@@COLLATION_CONNECTION */;
/*!40101 SET NAMES utf8mb4 */;

--
-- Veritabanı: `quiz`
--

-- --------------------------------------------------------

--
-- Tablo için tablo yapısı `answers`
--

DROP TABLE IF EXISTS `answers`;
CREATE TABLE IF NOT EXISTS `answers` (
  `id` bigint(20) UNSIGNED NOT NULL AUTO_INCREMENT,
  `user_id` bigint(20) UNSIGNED NOT NULL,
  `question_id` bigint(20) UNSIGNED NOT NULL,
  `answer` enum('answer1','answer2','answer3','answer4') COLLATE utf8_turkish_ci NOT NULL,
  PRIMARY KEY (`id`),
  KEY `user_id` (`user_id`),
  KEY `question_id` (`question_id`)
) ENGINE=InnoDB AUTO_INCREMENT=1022 DEFAULT CHARSET=utf8 COLLATE=utf8_turkish_ci;

--
-- Tablo döküm verisi `answers`
--

INSERT INTO `answers` (`id`, `user_id`, `question_id`, `answer`) VALUES
(1, 9, 21, 'answer1'),
(2, 9, 52, 'answer1'),
(3, 1, 79, 'answer2'),
(4, 8, 100, 'answer1'),
(5, 4, 20, 'answer2'),
(6, 2, 44, 'answer3'),
(7, 2, 95, 'answer2'),
(8, 10, 69, 'answer2'),
(9, 9, 7, 'answer3'),
(10, 4, 25, 'answer3'),
(11, 4, 82, 'answer4'),
(12, 10, 27, 'answer4'),
(13, 9, 87, 'answer4'),
(14, 8, 69, 'answer1'),
(15, 7, 21, 'answer4'),
(16, 1, 46, 'answer3'),
(18, 7, 87, 'answer1'),
(19, 6, 100, 'answer4'),
(20, 7, 19, 'answer3'),
(21, 7, 88, 'answer1'),
(22, 1, 18, 'answer1'),
(23, 5, 75, 'answer3'),
(24, 9, 5, 'answer3'),
(25, 10, 10, 'answer1'),
(26, 3, 69, 'answer3'),
(27, 4, 53, 'answer1'),
(28, 7, 22, 'answer2'),
(29, 3, 97, 'answer1'),
(31, 1, 93, 'answer2'),
(32, 3, 63, 'answer2'),
(33, 2, 66, 'answer3'),
(34, 7, 44, 'answer1'),
(35, 5, 19, 'answer2'),
(36, 5, 65, 'answer2'),
(37, 9, 16, 'answer2'),
(38, 4, 97, 'answer1'),
(39, 6, 95, 'answer4'),
(41, 1, 7, 'answer1'),
(42, 4, 23, 'answer4'),
(43, 10, 5, 'answer4'),
(44, 5, 12, 'answer4'),
(45, 1, 35, 'answer4'),
(46, 10, 98, 'answer3'),
(47, 3, 86, 'answer1'),
(48, 9, 32, 'answer3'),
(49, 7, 97, 'answer3'),
(50, 2, 96, 'answer4'),
(51, 9, 42, 'answer4'),
(52, 9, 82, 'answer3'),
(53, 4, 93, 'answer4'),
(54, 4, 75, 'answer4'),
(55, 6, 56, 'answer3'),
(56, 1, 63, 'answer2'),
(57, 9, 87, 'answer1'),
(59, 4, 32, 'answer2'),
(60, 3, 93, 'answer3'),
(61, 10, 49, 'answer3'),
(62, 7, 52, 'answer3'),
(63, 8, 97, 'answer3'),
(64, 1, 57, 'answer3'),
(65, 1, 7, 'answer1'),
(66, 10, 97, 'answer3'),
(67, 4, 19, 'answer3'),
(69, 5, 80, 'answer4'),
(70, 3, 75, 'answer4'),
(72, 6, 57, 'answer1'),
(73, 8, 64, 'answer2'),
(74, 1, 69, 'answer2'),
(75, 6, 62, 'answer4'),
(76, 10, 72, 'answer4'),
(77, 3, 48, 'answer3'),
(78, 3, 59, 'answer3'),
(79, 10, 55, 'answer3'),
(80, 7, 96, 'answer1'),
(81, 2, 76, 'answer2'),
(82, 4, 3, 'answer4'),
(84, 10, 63, 'answer3'),
(85, 6, 87, 'answer1'),
(87, 8, 96, 'answer3'),
(88, 5, 61, 'answer4'),
(89, 2, 100, 'answer4'),
(90, 5, 82, 'answer1'),
(91, 8, 86, 'answer2'),
(92, 1, 63, 'answer3'),
(93, 8, 89, 'answer4'),
(95, 7, 52, 'answer4'),
(96, 7, 72, 'answer4'),
(97, 3, 8, 'answer4'),
(99, 7, 27, 'answer2'),
(100, 7, 35, 'answer4'),
(101, 4, 61, 'answer1'),
(102, 5, 35, 'answer1'),
(103, 8, 28, 'answer4'),
(104, 1, 60, 'answer3'),
(105, 5, 68, 'answer4'),
(106, 8, 24, 'answer3'),
(107, 3, 97, 'answer4'),
(108, 4, 1, 'answer4'),
(109, 2, 68, 'answer4'),
(110, 9, 4, 'answer1'),
(111, 7, 48, 'answer1'),
(112, 9, 73, 'answer3'),
(113, 10, 77, 'answer2'),
(114, 4, 45, 'answer1'),
(116, 5, 28, 'answer1'),
(117, 7, 11, 'answer1'),
(118, 1, 5, 'answer1'),
(119, 1, 27, 'answer4'),
(120, 8, 12, 'answer2'),
(122, 1, 15, 'answer3'),
(123, 2, 49, 'answer4'),
(124, 1, 9, 'answer2'),
(126, 5, 42, 'answer1'),
(127, 5, 61, 'answer1'),
(129, 8, 21, 'answer2'),
(130, 3, 50, 'answer1'),
(131, 7, 62, 'answer3'),
(132, 2, 48, 'answer1'),
(133, 2, 52, 'answer2'),
(134, 9, 92, 'answer4'),
(135, 10, 97, 'answer4'),
(136, 6, 46, 'answer4'),
(137, 4, 76, 'answer2'),
(138, 4, 60, 'answer4'),
(139, 5, 93, 'answer1'),
(140, 3, 83, 'answer4'),
(141, 1, 76, 'answer2'),
(142, 8, 38, 'answer4'),
(143, 3, 98, 'answer2'),
(145, 3, 29, 'answer1'),
(146, 6, 70, 'answer1'),
(147, 4, 39, 'answer2'),
(148, 1, 11, 'answer2'),
(149, 1, 85, 'answer2'),
(150, 7, 66, 'answer1'),
(151, 3, 32, 'answer4'),
(152, 10, 32, 'answer3'),
(153, 4, 91, 'answer1'),
(155, 7, 31, 'answer1'),
(156, 6, 70, 'answer1'),
(157, 2, 47, 'answer3'),
(158, 7, 1, 'answer1'),
(160, 10, 8, 'answer3'),
(161, 10, 75, 'answer1'),
(163, 8, 17, 'answer2'),
(164, 5, 74, 'answer4'),
(167, 2, 92, 'answer2'),
(168, 3, 53, 'answer1'),
(169, 3, 24, 'answer2'),
(170, 2, 69, 'answer1'),
(171, 5, 11, 'answer2'),
(172, 1, 85, 'answer2'),
(173, 4, 45, 'answer4'),
(174, 7, 59, 'answer4'),
(175, 6, 1, 'answer2'),
(177, 3, 85, 'answer1'),
(178, 7, 67, 'answer3'),
(179, 9, 14, 'answer4'),
(180, 10, 52, 'answer2'),
(181, 1, 92, 'answer2'),
(184, 7, 65, 'answer4'),
(185, 6, 1, 'answer2'),
(186, 3, 89, 'answer4'),
(187, 10, 98, 'answer3'),
(188, 2, 29, 'answer3'),
(189, 1, 81, 'answer1'),
(190, 7, 24, 'answer1'),
(191, 10, 77, 'answer4'),
(192, 3, 87, 'answer1'),
(194, 3, 56, 'answer2'),
(195, 5, 10, 'answer2'),
(196, 8, 19, 'answer2'),
(197, 9, 14, 'answer3'),
(198, 10, 84, 'answer2'),
(199, 9, 49, 'answer3'),
(200, 1, 48, 'answer2'),
(201, 8, 98, 'answer1'),
(202, 6, 10, 'answer3'),
(203, 4, 59, 'answer3'),
(204, 7, 11, 'answer3'),
(205, 2, 70, 'answer1'),
(206, 5, 64, 'answer2'),
(207, 10, 90, 'answer3'),
(208, 5, 10, 'answer3'),
(209, 9, 37, 'answer1'),
(210, 3, 16, 'answer4'),
(211, 9, 66, 'answer1'),
(212, 5, 90, 'answer1'),
(213, 2, 38, 'answer2'),
(214, 7, 21, 'answer1'),
(215, 8, 88, 'answer2'),
(216, 3, 54, 'answer1'),
(218, 9, 63, 'answer2'),
(219, 5, 80, 'answer2'),
(220, 10, 89, 'answer3'),
(221, 1, 20, 'answer1'),
(222, 4, 79, 'answer2'),
(223, 9, 48, 'answer4'),
(224, 3, 100, 'answer4'),
(225, 5, 100, 'answer1'),
(226, 2, 97, 'answer4'),
(228, 2, 88, 'answer4'),
(230, 7, 88, 'answer4'),
(231, 6, 55, 'answer3'),
(232, 10, 67, 'answer2'),
(233, 6, 19, 'answer4'),
(236, 3, 22, 'answer3'),
(237, 10, 37, 'answer1'),
(238, 10, 77, 'answer4'),
(239, 5, 11, 'answer1'),
(241, 2, 68, 'answer3'),
(242, 3, 70, 'answer2'),
(245, 4, 64, 'answer1'),
(247, 6, 19, 'answer1'),
(248, 9, 73, 'answer3'),
(249, 4, 26, 'answer4'),
(250, 10, 17, 'answer1'),
(253, 10, 8, 'answer3'),
(254, 4, 76, 'answer4'),
(255, 6, 68, 'answer2'),
(256, 1, 53, 'answer2'),
(258, 2, 53, 'answer2'),
(259, 3, 31, 'answer4'),
(260, 9, 28, 'answer3'),
(261, 3, 37, 'answer2'),
(262, 3, 28, 'answer3'),
(263, 5, 55, 'answer3'),
(264, 8, 52, 'answer3'),
(265, 8, 48, 'answer1'),
(267, 3, 70, 'answer1'),
(268, 7, 65, 'answer2'),
(269, 5, 54, 'answer3'),
(270, 1, 35, 'answer1'),
(271, 9, 18, 'answer2'),
(272, 5, 53, 'answer3'),
(273, 6, 5, 'answer3'),
(274, 2, 17, 'answer4'),
(275, 7, 56, 'answer3'),
(276, 1, 83, 'answer4'),
(277, 3, 99, 'answer2'),
(278, 6, 76, 'answer1'),
(280, 3, 21, 'answer2'),
(281, 4, 47, 'answer1'),
(282, 4, 62, 'answer1'),
(283, 3, 44, 'answer3'),
(285, 8, 45, 'answer2'),
(286, 4, 81, 'answer1'),
(287, 2, 92, 'answer4'),
(288, 10, 8, 'answer3'),
(289, 9, 45, 'answer2'),
(290, 10, 83, 'answer2'),
(291, 10, 87, 'answer3'),
(292, 1, 52, 'answer1'),
(293, 4, 48, 'answer1'),
(295, 2, 84, 'answer1'),
(296, 7, 93, 'answer1'),
(297, 2, 62, 'answer4'),
(298, 4, 1, 'answer1'),
(299, 1, 83, 'answer1'),
(300, 7, 2, 'answer4'),
(301, 5, 10, 'answer3'),
(302, 6, 8, 'answer2'),
(303, 1, 93, 'answer4'),
(304, 3, 14, 'answer1'),
(306, 7, 4, 'answer3'),
(307, 7, 55, 'answer1'),
(308, 4, 82, 'answer2'),
(309, 8, 23, 'answer4'),
(310, 1, 96, 'answer3'),
(311, 4, 58, 'answer3'),
(312, 3, 91, 'answer2'),
(313, 10, 70, 'answer4'),
(314, 1, 79, 'answer1'),
(315, 10, 8, 'answer1'),
(316, 3, 59, 'answer4'),
(318, 7, 7, 'answer4'),
(319, 9, 19, 'answer2'),
(320, 7, 62, 'answer2'),
(322, 5, 2, 'answer2'),
(323, 8, 16, 'answer4'),
(324, 6, 63, 'answer4'),
(325, 2, 45, 'answer3'),
(326, 6, 70, 'answer1'),
(327, 2, 26, 'answer4'),
(328, 2, 47, 'answer4'),
(329, 9, 20, 'answer3'),
(331, 3, 73, 'answer2'),
(332, 10, 76, 'answer3'),
(333, 9, 22, 'answer2'),
(335, 8, 92, 'answer4'),
(336, 8, 15, 'answer2'),
(337, 10, 35, 'answer1'),
(338, 4, 67, 'answer1'),
(339, 8, 72, 'answer1'),
(341, 7, 89, 'answer1'),
(342, 3, 83, 'answer1'),
(343, 1, 68, 'answer1'),
(344, 10, 70, 'answer1'),
(345, 9, 1, 'answer1'),
(346, 8, 46, 'answer3'),
(348, 4, 55, 'answer1'),
(349, 7, 99, 'answer4'),
(350, 8, 24, 'answer1'),
(351, 5, 32, 'answer2'),
(352, 2, 45, 'answer2'),
(353, 1, 17, 'answer4'),
(354, 7, 48, 'answer1'),
(355, 3, 74, 'answer1'),
(356, 4, 16, 'answer3'),
(357, 2, 58, 'answer4'),
(359, 2, 76, 'answer3'),
(360, 5, 49, 'answer2'),
(361, 7, 70, 'answer4'),
(362, 7, 37, 'answer1'),
(363, 6, 18, 'answer1'),
(364, 10, 92, 'answer1'),
(365, 3, 72, 'answer4'),
(366, 3, 80, 'answer2'),
(367, 2, 92, 'answer1'),
(368, 9, 5, 'answer1'),
(369, 1, 22, 'answer2'),
(370, 5, 84, 'answer3'),
(372, 5, 91, 'answer3'),
(373, 5, 45, 'answer1'),
(374, 7, 23, 'answer3'),
(375, 9, 84, 'answer2'),
(376, 10, 11, 'answer1'),
(378, 6, 4, 'answer3'),
(379, 9, 95, 'answer1'),
(380, 4, 70, 'answer3'),
(381, 9, 15, 'answer3'),
(382, 2, 61, 'answer4'),
(383, 3, 89, 'answer2'),
(384, 6, 69, 'answer2'),
(385, 5, 25, 'answer3'),
(386, 8, 46, 'answer2'),
(387, 5, 38, 'answer3'),
(388, 6, 75, 'answer3'),
(389, 5, 72, 'answer3'),
(390, 7, 92, 'answer1'),
(391, 5, 39, 'answer1'),
(392, 6, 46, 'answer4'),
(393, 6, 73, 'answer4'),
(394, 5, 83, 'answer2'),
(395, 10, 84, 'answer3'),
(396, 8, 26, 'answer1'),
(397, 8, 45, 'answer3'),
(398, 9, 63, 'answer2'),
(399, 10, 62, 'answer1'),
(400, 6, 56, 'answer4'),
(401, 8, 81, 'answer2'),
(402, 3, 14, 'answer3'),
(403, 1, 91, 'answer1'),
(404, 10, 81, 'answer1'),
(406, 6, 75, 'answer2'),
(407, 2, 38, 'answer2'),
(409, 8, 24, 'answer1'),
(410, 3, 64, 'answer4'),
(412, 1, 31, 'answer1'),
(413, 9, 99, 'answer1'),
(414, 10, 21, 'answer3'),
(415, 1, 92, 'answer1'),
(417, 5, 64, 'answer3'),
(418, 8, 73, 'answer1'),
(419, 6, 9, 'answer3'),
(420, 3, 13, 'answer2'),
(421, 8, 38, 'answer1'),
(422, 10, 54, 'answer2'),
(424, 5, 91, 'answer2'),
(425, 10, 62, 'answer1'),
(426, 9, 48, 'answer4'),
(427, 1, 55, 'answer1'),
(428, 8, 45, 'answer1'),
(429, 8, 44, 'answer1'),
(431, 6, 25, 'answer4'),
(432, 3, 88, 'answer2'),
(433, 2, 64, 'answer3'),
(434, 1, 31, 'answer4'),
(435, 5, 31, 'answer2'),
(436, 2, 6, 'answer3'),
(437, 1, 28, 'answer1'),
(438, 4, 57, 'answer3'),
(439, 1, 79, 'answer4'),
(440, 8, 91, 'answer4'),
(441, 6, 21, 'answer3'),
(442, 5, 31, 'answer2'),
(443, 6, 28, 'answer2'),
(444, 9, 69, 'answer2'),
(445, 4, 57, 'answer1'),
(446, 8, 89, 'answer4'),
(447, 7, 82, 'answer3'),
(448, 6, 67, 'answer1'),
(449, 2, 50, 'answer4'),
(450, 7, 98, 'answer3'),
(451, 8, 49, 'answer2'),
(452, 7, 83, 'answer2'),
(453, 3, 38, 'answer3'),
(454, 1, 2, 'answer3'),
(455, 6, 75, 'answer3'),
(456, 2, 37, 'answer4'),
(457, 6, 1, 'answer2'),
(458, 3, 91, 'answer4'),
(460, 5, 63, 'answer3'),
(461, 5, 80, 'answer2'),
(463, 6, 20, 'answer4'),
(464, 1, 21, 'answer2'),
(465, 9, 7, 'answer2'),
(466, 7, 93, 'answer3'),
(467, 8, 59, 'answer4'),
(468, 9, 59, 'answer2'),
(469, 3, 53, 'answer4'),
(470, 2, 63, 'answer1'),
(471, 10, 13, 'answer2'),
(472, 10, 20, 'answer1'),
(473, 10, 24, 'answer4'),
(476, 9, 93, 'answer3'),
(477, 10, 27, 'answer1'),
(478, 2, 13, 'answer1'),
(479, 7, 60, 'answer4'),
(480, 1, 15, 'answer4'),
(481, 10, 99, 'answer3'),
(482, 4, 55, 'answer4'),
(483, 9, 85, 'answer2'),
(486, 7, 22, 'answer2'),
(487, 5, 42, 'answer3'),
(488, 7, 1, 'answer3'),
(489, 6, 7, 'answer4'),
(490, 7, 55, 'answer2'),
(491, 6, 1, 'answer1'),
(493, 8, 52, 'answer2'),
(494, 2, 92, 'answer1'),
(495, 7, 92, 'answer1'),
(496, 5, 46, 'answer1'),
(497, 3, 62, 'answer1'),
(498, 4, 9, 'answer4'),
(499, 1, 13, 'answer4'),
(500, 5, 4, 'answer2'),
(501, 10, 3, 'answer3'),
(502, 8, 93, 'answer3'),
(503, 7, 66, 'answer1'),
(504, 5, 61, 'answer4'),
(505, 6, 25, 'answer3'),
(507, 1, 97, 'answer2'),
(508, 1, 17, 'answer2'),
(509, 8, 1, 'answer1'),
(510, 7, 70, 'answer2'),
(511, 3, 38, 'answer2'),
(512, 8, 92, 'answer1'),
(513, 9, 23, 'answer3'),
(515, 6, 84, 'answer1'),
(516, 2, 74, 'answer2'),
(517, 3, 1, 'answer1'),
(518, 2, 83, 'answer4'),
(519, 4, 9, 'answer3'),
(520, 9, 19, 'answer1'),
(521, 10, 44, 'answer3'),
(522, 3, 19, 'answer2'),
(523, 5, 37, 'answer4'),
(524, 10, 23, 'answer4'),
(525, 9, 77, 'answer4'),
(526, 7, 3, 'answer3'),
(527, 4, 77, 'answer2'),
(528, 4, 70, 'answer4'),
(529, 4, 20, 'answer2'),
(530, 2, 95, 'answer4'),
(532, 5, 26, 'answer3'),
(533, 7, 75, 'answer2'),
(534, 2, 92, 'answer2'),
(535, 5, 91, 'answer1'),
(536, 8, 5, 'answer3'),
(537, 8, 22, 'answer3'),
(538, 2, 87, 'answer1'),
(539, 1, 12, 'answer4'),
(540, 4, 90, 'answer3'),
(541, 10, 67, 'answer4'),
(542, 3, 10, 'answer4'),
(543, 10, 11, 'answer2'),
(544, 4, 92, 'answer3'),
(545, 9, 67, 'answer2'),
(546, 6, 73, 'answer2'),
(547, 2, 59, 'answer3'),
(548, 6, 50, 'answer3'),
(549, 7, 26, 'answer2'),
(550, 9, 89, 'answer4'),
(553, 4, 90, 'answer3'),
(554, 7, 100, 'answer1'),
(555, 7, 5, 'answer1'),
(556, 2, 28, 'answer4'),
(557, 1, 16, 'answer3'),
(558, 1, 74, 'answer2'),
(559, 7, 70, 'answer1'),
(560, 10, 61, 'answer3'),
(561, 6, 1, 'answer2'),
(562, 4, 77, 'answer3'),
(563, 3, 54, 'answer2'),
(564, 8, 3, 'answer4'),
(565, 5, 42, 'answer4'),
(566, 7, 83, 'answer3'),
(567, 9, 55, 'answer1'),
(568, 8, 35, 'answer4'),
(569, 6, 32, 'answer4'),
(570, 2, 91, 'answer1'),
(571, 1, 82, 'answer2'),
(572, 10, 79, 'answer3'),
(574, 5, 62, 'answer2'),
(575, 1, 100, 'answer1'),
(576, 5, 5, 'answer3'),
(577, 8, 88, 'answer1'),
(578, 1, 64, 'answer1'),
(579, 1, 49, 'answer4'),
(580, 7, 76, 'answer2'),
(581, 10, 80, 'answer2'),
(582, 10, 99, 'answer4'),
(584, 6, 6, 'answer1'),
(586, 2, 60, 'answer1'),
(587, 3, 29, 'answer3'),
(589, 1, 63, 'answer3'),
(590, 6, 80, 'answer1'),
(591, 7, 67, 'answer4'),
(592, 1, 18, 'answer4'),
(593, 8, 66, 'answer3'),
(594, 1, 12, 'answer4'),
(595, 10, 77, 'answer2'),
(596, 3, 57, 'answer2'),
(597, 2, 21, 'answer2'),
(598, 9, 4, 'answer1'),
(599, 5, 96, 'answer4'),
(600, 4, 99, 'answer3'),
(601, 3, 53, 'answer3'),
(602, 9, 18, 'answer1'),
(603, 3, 54, 'answer2'),
(604, 8, 11, 'answer2'),
(605, 9, 11, 'answer3'),
(606, 9, 88, 'answer2'),
(607, 4, 88, 'answer2'),
(608, 4, 24, 'answer4'),
(609, 9, 84, 'answer3'),
(610, 9, 47, 'answer3'),
(611, 3, 48, 'answer4'),
(612, 3, 47, 'answer2'),
(617, 2, 20, 'answer3'),
(618, 10, 52, 'answer3'),
(619, 6, 8, 'answer1'),
(620, 7, 14, 'answer2'),
(621, 9, 68, 'answer2'),
(622, 6, 19, 'answer4'),
(623, 2, 81, 'answer1'),
(624, 1, 56, 'answer1'),
(626, 9, 49, 'answer4'),
(627, 1, 98, 'answer4'),
(628, 1, 39, 'answer2'),
(629, 4, 73, 'answer3'),
(630, 9, 15, 'answer1'),
(631, 2, 82, 'answer1'),
(632, 10, 9, 'answer3'),
(633, 9, 24, 'answer4'),
(634, 1, 56, 'answer4'),
(635, 6, 12, 'answer2'),
(636, 6, 13, 'answer1'),
(637, 2, 66, 'answer2'),
(638, 3, 20, 'answer4'),
(639, 2, 59, 'answer4'),
(640, 4, 98, 'answer1'),
(641, 5, 59, 'answer4'),
(642, 8, 65, 'answer4'),
(643, 4, 95, 'answer1'),
(644, 4, 32, 'answer4'),
(645, 7, 50, 'answer4'),
(646, 1, 98, 'answer3'),
(647, 7, 70, 'answer3'),
(648, 8, 66, 'answer3'),
(649, 2, 53, 'answer1'),
(653, 10, 4, 'answer4'),
(654, 7, 83, 'answer3'),
(656, 8, 82, 'answer3'),
(657, 4, 74, 'answer3'),
(658, 8, 3, 'answer2'),
(660, 1, 22, 'answer1'),
(661, 8, 98, 'answer1'),
(662, 3, 14, 'answer4'),
(663, 9, 86, 'answer4'),
(665, 3, 89, 'answer1'),
(666, 7, 96, 'answer3'),
(667, 9, 64, 'answer1'),
(668, 6, 25, 'answer1'),
(669, 1, 70, 'answer4'),
(670, 6, 48, 'answer2'),
(671, 6, 2, 'answer3'),
(672, 7, 65, 'answer1'),
(675, 6, 84, 'answer1'),
(676, 10, 61, 'answer3'),
(677, 10, 58, 'answer3'),
(678, 7, 93, 'answer3'),
(679, 10, 54, 'answer2'),
(680, 9, 91, 'answer1'),
(684, 8, 14, 'answer3'),
(685, 7, 66, 'answer4'),
(687, 6, 39, 'answer2'),
(688, 8, 56, 'answer4'),
(689, 6, 69, 'answer3'),
(690, 9, 89, 'answer1'),
(691, 6, 95, 'answer1'),
(692, 7, 93, 'answer3'),
(693, 9, 70, 'answer2'),
(694, 4, 11, 'answer3'),
(695, 10, 50, 'answer2'),
(696, 10, 31, 'answer1'),
(697, 9, 45, 'answer4'),
(698, 3, 96, 'answer3'),
(699, 6, 27, 'answer2'),
(700, 8, 13, 'answer3'),
(701, 7, 100, 'answer1'),
(702, 10, 52, 'answer1'),
(704, 5, 89, 'answer4'),
(705, 5, 60, 'answer2'),
(706, 6, 49, 'answer3'),
(707, 4, 24, 'answer4'),
(708, 5, 18, 'answer4'),
(709, 10, 45, 'answer4'),
(710, 6, 86, 'answer1'),
(711, 8, 95, 'answer4'),
(714, 5, 16, 'answer3'),
(715, 5, 37, 'answer3'),
(716, 1, 98, 'answer4'),
(718, 10, 73, 'answer2'),
(719, 1, 20, 'answer3'),
(720, 4, 29, 'answer2'),
(721, 8, 26, 'answer1'),
(722, 5, 35, 'answer4'),
(723, 4, 59, 'answer3'),
(724, 1, 32, 'answer2'),
(725, 7, 11, 'answer4'),
(726, 7, 73, 'answer4'),
(727, 7, 56, 'answer3'),
(728, 9, 22, 'answer1'),
(730, 9, 12, 'answer1'),
(731, 3, 90, 'answer1'),
(732, 9, 52, 'answer4'),
(734, 4, 28, 'answer3'),
(735, 10, 17, 'answer2'),
(736, 7, 99, 'answer3'),
(737, 10, 20, 'answer4'),
(738, 2, 61, 'answer3'),
(739, 10, 7, 'answer4'),
(740, 6, 64, 'answer2'),
(741, 6, 6, 'answer1'),
(742, 1, 10, 'answer4'),
(743, 6, 10, 'answer2'),
(744, 10, 44, 'answer2'),
(745, 6, 10, 'answer1'),
(746, 1, 88, 'answer1'),
(747, 8, 19, 'answer3'),
(748, 3, 31, 'answer1'),
(749, 9, 26, 'answer2'),
(750, 6, 83, 'answer2'),
(751, 7, 96, 'answer4'),
(752, 7, 52, 'answer4'),
(753, 7, 95, 'answer2'),
(755, 5, 45, 'answer3'),
(756, 3, 45, 'answer1'),
(757, 7, 18, 'answer4'),
(758, 1, 80, 'answer1'),
(760, 9, 82, 'answer4'),
(761, 10, 15, 'answer1'),
(762, 4, 17, 'answer2'),
(763, 3, 8, 'answer2'),
(764, 3, 26, 'answer1'),
(765, 10, 82, 'answer1'),
(766, 10, 14, 'answer2'),
(767, 1, 24, 'answer3'),
(768, 9, 21, 'answer4'),
(769, 7, 16, 'answer2'),
(770, 9, 18, 'answer2'),
(771, 8, 80, 'answer4'),
(772, 9, 98, 'answer3'),
(773, 5, 32, 'answer3'),
(774, 3, 76, 'answer3'),
(775, 3, 31, 'answer2'),
(776, 9, 19, 'answer4'),
(778, 7, 95, 'answer2'),
(779, 2, 27, 'answer1'),
(780, 5, 15, 'answer3'),
(781, 10, 29, 'answer4'),
(782, 10, 99, 'answer3'),
(783, 1, 80, 'answer3'),
(784, 4, 88, 'answer4'),
(785, 6, 80, 'answer1'),
(786, 7, 54, 'answer4'),
(788, 1, 96, 'answer2'),
(789, 4, 47, 'answer2'),
(790, 3, 19, 'answer4'),
(791, 6, 93, 'answer3'),
(792, 6, 86, 'answer1'),
(793, 5, 65, 'answer4'),
(795, 10, 87, 'answer4'),
(797, 5, 65, 'answer3'),
(798, 8, 87, 'answer2'),
(799, 8, 53, 'answer2'),
(800, 5, 52, 'answer1'),
(802, 6, 68, 'answer4'),
(803, 5, 49, 'answer2'),
(804, 3, 42, 'answer3'),
(805, 6, 68, 'answer4'),
(807, 2, 72, 'answer2'),
(808, 7, 65, 'answer4'),
(809, 3, 38, 'answer2'),
(810, 4, 91, 'answer2'),
(811, 8, 60, 'answer2'),
(812, 8, 17, 'answer2'),
(813, 1, 31, 'answer1'),
(814, 4, 52, 'answer3'),
(815, 9, 27, 'answer4'),
(816, 6, 39, 'answer1'),
(817, 6, 62, 'answer1'),
(818, 4, 24, 'answer2'),
(819, 9, 27, 'answer4'),
(820, 8, 32, 'answer2'),
(821, 4, 92, 'answer2'),
(822, 9, 21, 'answer1'),
(823, 9, 93, 'answer1'),
(824, 6, 88, 'answer4'),
(825, 7, 62, 'answer2'),
(826, 2, 91, 'answer1'),
(827, 9, 27, 'answer2'),
(828, 4, 83, 'answer1'),
(829, 9, 66, 'answer4'),
(830, 8, 77, 'answer1'),
(831, 10, 26, 'answer4'),
(832, 2, 95, 'answer1'),
(833, 5, 68, 'answer2'),
(834, 7, 82, 'answer4'),
(835, 4, 73, 'answer2'),
(837, 2, 98, 'answer3'),
(838, 3, 53, 'answer3'),
(839, 2, 56, 'answer4'),
(840, 2, 16, 'answer2'),
(841, 1, 27, 'answer4'),
(842, 8, 50, 'answer1'),
(843, 1, 27, 'answer3'),
(844, 5, 1, 'answer2'),
(845, 9, 5, 'answer4'),
(846, 6, 23, 'answer1'),
(847, 4, 18, 'answer3'),
(848, 6, 65, 'answer4'),
(849, 2, 82, 'answer1'),
(851, 5, 37, 'answer3'),
(852, 10, 11, 'answer2'),
(853, 8, 37, 'answer4'),
(854, 10, 58, 'answer4'),
(855, 9, 92, 'answer2'),
(856, 3, 86, 'answer1'),
(857, 10, 55, 'answer2'),
(858, 7, 62, 'answer1'),
(859, 5, 61, 'answer4'),
(860, 10, 73, 'answer3'),
(861, 3, 29, 'answer2'),
(862, 2, 98, 'answer3'),
(863, 10, 82, 'answer4'),
(864, 2, 75, 'answer3'),
(865, 9, 14, 'answer3'),
(866, 1, 77, 'answer1'),
(867, 4, 85, 'answer2'),
(868, 4, 1, 'answer1'),
(869, 5, 66, 'answer3'),
(870, 7, 98, 'answer1'),
(871, 10, 27, 'answer4'),
(872, 8, 90, 'answer4'),
(873, 10, 68, 'answer3'),
(874, 9, 52, 'answer1'),
(875, 1, 55, 'answer3'),
(877, 3, 90, 'answer3'),
(878, 2, 48, 'answer3'),
(879, 4, 63, 'answer4'),
(880, 6, 68, 'answer4'),
(881, 4, 29, 'answer2'),
(882, 6, 98, 'answer1'),
(883, 3, 73, 'answer4'),
(884, 1, 100, 'answer4'),
(885, 9, 17, 'answer2'),
(886, 4, 62, 'answer2'),
(887, 6, 17, 'answer3'),
(888, 9, 35, 'answer4'),
(889, 6, 8, 'answer2'),
(890, 7, 65, 'answer1'),
(891, 7, 10, 'answer1'),
(892, 10, 89, 'answer2'),
(893, 10, 22, 'answer4'),
(894, 3, 44, 'answer2'),
(895, 7, 1, 'answer2'),
(896, 4, 26, 'answer2'),
(897, 3, 25, 'answer4'),
(898, 1, 45, 'answer1'),
(900, 9, 55, 'answer1'),
(901, 3, 79, 'answer4'),
(902, 6, 45, 'answer4'),
(903, 10, 52, 'answer3'),
(904, 5, 54, 'answer3'),
(905, 10, 92, 'answer2'),
(906, 8, 24, 'answer1'),
(907, 6, 57, 'answer3'),
(908, 1, 54, 'answer2'),
(909, 8, 52, 'answer4'),
(910, 6, 91, 'answer1'),
(911, 6, 13, 'answer3'),
(912, 4, 77, 'answer3'),
(913, 4, 99, 'answer1'),
(914, 2, 55, 'answer1'),
(915, 4, 99, 'answer1'),
(916, 10, 21, 'answer3'),
(917, 4, 16, 'answer2'),
(918, 3, 97, 'answer1'),
(919, 4, 21, 'answer3'),
(920, 9, 93, 'answer1'),
(921, 10, 13, 'answer2'),
(922, 8, 87, 'answer2'),
(923, 9, 7, 'answer2'),
(925, 7, 91, 'answer3'),
(926, 4, 91, 'answer3'),
(927, 7, 62, 'answer4'),
(928, 9, 57, 'answer1'),
(929, 4, 23, 'answer1'),
(930, 9, 85, 'answer3'),
(931, 6, 92, 'answer4'),
(932, 6, 37, 'answer1'),
(933, 1, 2, 'answer1'),
(934, 5, 39, 'answer4'),
(935, 3, 89, 'answer2'),
(936, 3, 98, 'answer4'),
(937, 3, 77, 'answer1'),
(938, 6, 76, 'answer3'),
(939, 2, 32, 'answer4'),
(940, 10, 82, 'answer4'),
(941, 6, 67, 'answer2'),
(942, 10, 65, 'answer1'),
(943, 10, 15, 'answer4'),
(944, 9, 52, 'answer4'),
(946, 7, 3, 'answer2'),
(947, 2, 73, 'answer3'),
(948, 3, 82, 'answer3'),
(949, 6, 79, 'answer1'),
(950, 2, 6, 'answer4'),
(951, 9, 90, 'answer3'),
(952, 7, 88, 'answer4'),
(953, 8, 89, 'answer2'),
(954, 2, 89, 'answer4'),
(955, 10, 84, 'answer1'),
(956, 2, 57, 'answer1'),
(957, 7, 38, 'answer4'),
(958, 7, 18, 'answer4'),
(959, 8, 45, 'answer4'),
(960, 9, 47, 'answer2'),
(961, 8, 27, 'answer4'),
(962, 10, 91, 'answer2'),
(963, 1, 97, 'answer1'),
(965, 3, 57, 'answer2'),
(966, 8, 74, 'answer3'),
(967, 10, 75, 'answer4'),
(968, 5, 38, 'answer1'),
(969, 10, 22, 'answer4'),
(970, 10, 97, 'answer1'),
(972, 6, 45, 'answer4'),
(973, 2, 14, 'answer2'),
(974, 3, 8, 'answer3'),
(976, 3, 68, 'answer2'),
(977, 8, 10, 'answer4'),
(978, 2, 13, 'answer4'),
(979, 4, 15, 'answer2'),
(980, 5, 89, 'answer1'),
(981, 2, 18, 'answer4'),
(982, 7, 58, 'answer3'),
(983, 9, 8, 'answer1'),
(984, 10, 99, 'answer2'),
(985, 8, 93, 'answer3'),
(986, 9, 77, 'answer1'),
(987, 8, 63, 'answer3'),
(988, 8, 93, 'answer1'),
(989, 8, 85, 'answer4'),
(990, 1, 63, 'answer1'),
(991, 4, 84, 'answer4'),
(992, 10, 62, 'answer3'),
(993, 4, 84, 'answer1'),
(994, 4, 79, 'answer1'),
(995, 1, 32, 'answer4'),
(996, 10, 68, 'answer1'),
(997, 8, 76, 'answer3'),
(998, 4, 58, 'answer4'),
(999, 3, 80, 'answer4'),
(1001, 1, 3, 'answer3'),
(1002, 1, 8, 'answer2'),
(1003, 1, 9, 'answer3'),
(1004, 1, 11, 'answer4'),
(1005, 1, 12, 'answer1'),
(1006, 1, 18, 'answer4'),
(1007, 1, 53, 'answer4'),
(1008, 1, 64, 'answer4'),
(1009, 1, 88, 'answer1'),
(1010, 1, 99, 'answer2'),
(1011, 1, 1, 'answer4'),
(1012, 1, 14, 'answer4'),
(1013, 1, 22, 'answer2'),
(1014, 1, 31, 'answer1'),
(1015, 1, 32, 'answer2'),
(1016, 1, 44, 'answer3'),
(1017, 1, 60, 'answer1'),
(1018, 1, 73, 'answer4'),
(1019, 1, 79, 'answer2'),
(1020, 1, 83, 'answer1'),
(1021, 1, 97, 'answer1');

-- --------------------------------------------------------

--
-- Tablo için tablo yapısı `migrations`
--

DROP TABLE IF EXISTS `migrations`;
CREATE TABLE IF NOT EXISTS `migrations` (
  `id` int(10) UNSIGNED NOT NULL AUTO_INCREMENT,
  `migration` varchar(255) COLLATE utf8_turkish_ci NOT NULL,
  `batch` int(11) NOT NULL,
  PRIMARY KEY (`id`)
) ENGINE=MyISAM AUTO_INCREMENT=13 DEFAULT CHARSET=utf8 COLLATE=utf8_turkish_ci;

--
-- Tablo döküm verisi `migrations`
--

INSERT INTO `migrations` (`id`, `migration`, `batch`) VALUES
(1, '2014_10_12_000000_create_users_table', 1),
(2, '2014_10_12_100000_create_password_resets_table', 1),
(3, '2014_10_12_200000_add_two_factor_columns_to_users_table', 1),
(4, '2019_12_14_000001_create_personal_access_tokens_table', 1),
(5, '2020_05_21_100000_create_teams_table', 1),
(6, '2020_05_21_200000_create_team_user_table', 1),
(7, '2020_05_21_300000_create_team_invitations_table', 1),
(8, '2022_09_12_101033_create_sessions_table', 1),
(9, '2022_09_15_105631_quiz_migration', 1),
(10, '2022_09_18_161626_questions', 1),
(11, '2022_09_20_110910_answers', 1),
(12, '2022_09_20_131726_result', 1);

-- --------------------------------------------------------

--
-- Tablo için tablo yapısı `password_resets`
--

DROP TABLE IF EXISTS `password_resets`;
CREATE TABLE IF NOT EXISTS `password_resets` (
  `email` varchar(255) COLLATE utf8_turkish_ci NOT NULL,
  `token` varchar(255) COLLATE utf8_turkish_ci NOT NULL,
  `created_at` timestamp NULL DEFAULT NULL,
  KEY `password_resets_email_index` (`email`)
) ENGINE=MyISAM DEFAULT CHARSET=utf8 COLLATE=utf8_turkish_ci;

-- --------------------------------------------------------

--
-- Tablo için tablo yapısı `personal_access_tokens`
--

DROP TABLE IF EXISTS `personal_access_tokens`;
CREATE TABLE IF NOT EXISTS `personal_access_tokens` (
  `id` bigint(20) UNSIGNED NOT NULL AUTO_INCREMENT,
  `tokenable_type` varchar(255) COLLATE utf8_turkish_ci NOT NULL,
  `tokenable_id` bigint(20) UNSIGNED NOT NULL,
  `name` varchar(255) COLLATE utf8_turkish_ci NOT NULL,
  `token` varchar(64) COLLATE utf8_turkish_ci NOT NULL,
  `abilities` text COLLATE utf8_turkish_ci,
  `last_used_at` timestamp NULL DEFAULT NULL,
  `created_at` timestamp NULL DEFAULT NULL,
  `updated_at` timestamp NULL DEFAULT NULL,
  PRIMARY KEY (`id`),
  UNIQUE KEY `personal_access_tokens_token_unique` (`token`),
  KEY `personal_access_tokens_tokenable_type_tokenable_id_index` (`tokenable_type`,`tokenable_id`)
) ENGINE=MyISAM DEFAULT CHARSET=utf8 COLLATE=utf8_turkish_ci;

-- --------------------------------------------------------

--
-- Tablo için tablo yapısı `questions`
--

DROP TABLE IF EXISTS `questions`;
CREATE TABLE IF NOT EXISTS `questions` (
  `id` bigint(20) UNSIGNED NOT NULL AUTO_INCREMENT,
  `quiz_id` bigint(20) UNSIGNED NOT NULL,
  `question` longtext COLLATE utf8_turkish_ci NOT NULL,
  `image` longtext COLLATE utf8_turkish_ci,
  `answer1` longtext COLLATE utf8_turkish_ci NOT NULL,
  `answer2` longtext COLLATE utf8_turkish_ci NOT NULL,
  `answer3` longtext COLLATE utf8_turkish_ci NOT NULL,
  `answer4` longtext COLLATE utf8_turkish_ci NOT NULL,
  `correct_answer` enum('answer1','answer2','answer3','answer4') COLLATE utf8_turkish_ci NOT NULL,
  `created_at` timestamp NULL DEFAULT NULL,
  `updated_at` timestamp NULL DEFAULT NULL,
  PRIMARY KEY (`id`),
  KEY `quiz_id` (`quiz_id`)
) ENGINE=InnoDB AUTO_INCREMENT=102 DEFAULT CHARSET=utf8 COLLATE=utf8_turkish_ci;

--
-- Tablo döküm verisi `questions`
--

INSERT INTO `questions` (`id`, `quiz_id`, `question`, `image`, `answer1`, `answer2`, `answer3`, `answer4`, `correct_answer`, `created_at`, `updated_at`) VALUES
(1, 1, 'Dolorum magni minima id aliquid.', NULL, 'Vitae voluptatem nisi.', 'Molestiae voluptas.', 'Cum et et.', 'Asperiores aut reiciendis commodi.', 'answer2', '2022-09-20 10:29:58', '2022-09-20 10:29:58'),
(2, 7, 'Labore voluptatibus tempora unde.', NULL, 'Non magnam rerum minus.', 'Distinctio ratione assumenda.', 'Et quo.', 'Est atque.', 'answer4', '2022-09-20 10:29:58', '2022-09-20 10:29:58'),
(3, 2, 'Deleniti asperiores facere earum.', NULL, 'Esse officia.', 'Possimus qui a.', 'Est sint dolorum recusandae.', 'Similique non.', 'answer3', '2022-09-20 10:29:58', '2022-09-20 10:29:58'),
(4, 6, 'Voluptatem voluptatem sed omnis ipsa.', NULL, 'Culpa sit.', 'Odit sint.', 'Aut in.', 'Nesciunt consequatur.', 'answer1', '2022-09-20 10:29:58', '2022-09-20 10:29:58'),
(5, 9, 'Id ut doloribus tenetur perspiciatis praesentium.', NULL, 'Nostrum magnam fugit non.', 'Repellendus necessitatibus.', 'Voluptate non vitae.', 'Fugit dolore voluptatibus.', 'answer2', '2022-09-20 10:29:58', '2022-09-20 10:29:58'),
(6, 8, 'Fuga aut in numquam laudantium veritatis nulla modi odit.', NULL, 'Temporibus.', 'Dolores consequatur.', 'Consequatur laborum voluptatum deserunt.', 'Occaecati rerum vitae.', 'answer1', '2022-09-20 10:29:58', '2022-09-20 10:29:58'),
(7, 10, 'Doloribus et deserunt qui accusamus.', NULL, 'Molestias accusamus veniam.', 'Accusantium omnis.', 'Adipisci autem at.', 'Quidem libero.', 'answer4', '2022-09-20 10:29:58', '2022-09-20 10:29:58'),
(8, 2, 'Laborum fugit sapiente ut nostrum.', NULL, 'Impedit quae dignissimos.', 'Dicta qui rem.', 'Enim autem quisquam.', 'Rerum sequi.', 'answer1', '2022-09-20 10:29:58', '2022-09-20 10:29:58'),
(9, 2, 'Et laudantium eius esse sapiente debitis.', NULL, 'Non facere explicabo.', 'Ut laboriosam aut.', 'Nemo corrupti delectus.', 'Quidem sunt.', 'answer1', '2022-09-20 10:29:58', '2022-09-20 10:29:58'),
(10, 10, 'Eos repellat quisquam qui iure.', NULL, 'Et debitis.', 'Dolor delectus provident esse.', 'Quisquam.', 'Quisquam aut corrupti.', 'answer3', '2022-09-20 10:29:58', '2022-09-20 10:29:58'),
(11, 2, 'Est quasi at veniam possimus ratione.', NULL, 'Est et in.', 'Qui at similique odit.', 'Pariatur incidunt.', 'Dolorum maxime vero nihil deleniti.', 'answer1', '2022-09-20 10:29:58', '2022-09-20 10:29:58'),
(12, 2, 'Dolorem et delectus necessitatibus saepe recusandae occaecati.', NULL, 'Quia harum.', 'Sed sit nihil.', 'Atque.', 'Quasi exercitationem.', 'answer4', '2022-09-20 10:29:58', '2022-09-20 10:29:58'),
(13, 10, 'Quo amet et illum explicabo sunt.', NULL, 'Et molestiae reprehenderit libero.', 'Sed non labore.', 'Doloribus error.', 'Natus.', 'answer4', '2022-09-20 10:29:58', '2022-09-20 10:29:58'),
(14, 1, 'Sit iste ea deserunt itaque nihil quae.', NULL, 'Quas ex eveniet et.', 'Voluptatem laboriosam commodi.', 'Dolorem.', 'Vel dolorem cumque eum.', 'answer2', '2022-09-20 10:29:58', '2022-09-20 10:29:58'),
(15, 9, 'Distinctio vitae praesentium sed suscipit est.', NULL, 'In aut.', 'Corporis minus voluptatibus ipsum.', 'Explicabo recusandae.', 'Repellat praesentium.', 'answer2', '2022-09-20 10:29:58', '2022-09-20 10:29:58'),
(16, 6, 'Reiciendis alias error.', NULL, 'Dolor reiciendis nulla.', 'Dolorum totam sapiente quasi.', 'Magnam quo similique sapiente.', 'Occaecati neque velit voluptatum.', 'answer1', '2022-09-20 10:29:58', '2022-09-20 10:29:58'),
(17, 9, 'Laboriosam id quo in mollitia hic dolor.', NULL, 'Ex ullam.', 'Harum voluptatum occaecati.', 'Eligendi.', 'Quia quos sed et.', 'answer3', '2022-09-20 10:29:58', '2022-09-20 10:29:58'),
(18, 2, 'A voluptatem necessitatibus suscipit natus eum.', NULL, 'Qui sed cupiditate.', 'Nemo asperiores sunt.', 'In veniam ullam dolor harum.', 'Qui.', 'answer1', '2022-09-20 10:29:58', '2022-09-20 10:29:58'),
(19, 3, 'Quas cupiditate cumque perferendis provident.', NULL, 'Nesciunt dolor.', 'Accusantium corporis eum.', 'Consequatur velit amet.', 'Et voluptatum non.', 'answer4', '2022-09-20 10:29:58', '2022-09-20 10:29:58'),
(20, 6, 'Sed atque quibusdam maiores.', NULL, 'Aut voluptatem.', 'Quos praesentium.', 'Dignissimos.', 'Illo.', 'answer3', '2022-09-20 10:29:58', '2022-09-20 10:29:58'),
(21, 9, 'Incidunt eveniet minus molestias.', NULL, 'Accusamus dolor.', 'Id alias.', 'Aperiam qui.', 'Corporis tempora omnis.', 'answer2', '2022-09-20 10:29:58', '2022-09-20 10:29:58'),
(22, 1, 'Et molestiae omnis ratione quam voluptatibus.', NULL, 'Quos sapiente consectetur.', 'Ratione sequi autem sapiente alias.', 'Eligendi quo voluptas inventore.', 'Similique iste.', 'answer4', '2022-09-20 10:29:58', '2022-09-20 10:29:58'),
(23, 8, 'Repudiandae repellendus et qui et aperiam.', NULL, 'Ex.', 'Praesentium.', 'Voluptatum et expedita.', 'Minus est.', 'answer2', '2022-09-20 10:29:58', '2022-09-20 10:29:58'),
(24, 6, 'Esse sint modi ducimus est.', NULL, 'Non eos laboriosam.', 'Eius eos quisquam.', 'Ex provident tempore.', 'Qui.', 'answer1', '2022-09-20 10:29:58', '2022-09-20 10:29:58'),
(25, 6, 'Et vero dolorum molestiae facilis cum.', NULL, 'Odit magnam laboriosam harum.', 'Et commodi.', 'Qui in ut.', 'Recusandae et.', 'answer1', '2022-09-20 10:29:58', '2022-09-20 10:29:58'),
(26, 10, 'Nostrum neque iure.', NULL, 'Fugit molestiae fugiat.', 'Impedit sint qui.', 'In quam.', 'Qui in.', 'answer2', '2022-09-20 10:29:58', '2022-09-20 10:29:58'),
(27, 6, 'Consequuntur quo fugiat doloremque necessitatibus qui cupiditate.', NULL, 'Quibusdam reprehenderit.', 'Voluptates ipsum accusantium dolores.', 'Dolor perspiciatis.', 'Nam quasi.', 'answer4', '2022-09-20 10:29:58', '2022-09-20 10:29:58'),
(28, 7, 'Excepturi dolores ipsa doloremque.', NULL, 'Nisi doloremque praesentium.', 'Omnis distinctio dolorem.', 'Molestiae in enim.', 'Pariatur quia.', 'answer1', '2022-09-20 10:29:58', '2022-09-20 10:29:58'),
(29, 6, 'Facilis amet totam repudiandae neque voluptates expedita.', NULL, 'Accusantium.', 'Eos labore.', 'Aut cumque.', 'Voluptas voluptatem omnis.', 'answer1', '2022-09-20 10:29:58', '2022-09-20 10:29:58'),
(31, 1, 'Aperiam ratione dignissimos est.', NULL, 'Odit odio modi.', 'Autem natus.', 'Dolor accusantium.', 'Ea et commodi.', 'answer4', '2022-09-20 10:29:58', '2022-09-20 10:29:58'),
(32, 1, 'Optio ut temporibus molestiae rerum quas.', NULL, 'Beatae qui explicabo excepturi.', 'Vero quis.', 'Quisquam reiciendis.', 'Nam ipsam.', 'answer3', '2022-09-20 10:29:58', '2022-09-20 10:29:58'),
(35, 7, 'Fuga id aliquam.', NULL, 'Omnis.', 'Quisquam et voluptas eos.', 'Veritatis culpa occaecati vel.', 'Adipisci repudiandae officiis.', 'answer4', '2022-09-20 10:29:58', '2022-09-20 10:29:58'),
(37, 8, 'Sed accusantium ipsum magnam.', NULL, 'Dolor aut expedita ut.', 'Aut necessitatibus repellat sunt.', 'Ipsum libero.', 'Molestiae consequatur.', 'answer1', '2022-09-20 10:29:58', '2022-09-20 10:29:58'),
(38, 7, 'Nobis eius ducimus doloremque maxime.', NULL, 'Consequatur architecto cupiditate consequuntur.', 'Repudiandae quasi amet.', 'Sint quas ut.', 'Exercitationem adipisci qui error.', 'answer3', '2022-09-20 10:29:58', '2022-09-20 10:29:58'),
(39, 5, 'Düzenlendi', 'uploads/duzenlendi.jpg', 'snb', 'sng', 'sng', 'Inventore nsgfab.', 'answer2', '2022-09-20 10:29:58', '2022-09-20 15:36:01'),
(42, 10, 'Voluptatum dolorem occaecati et aut natus.', NULL, 'Deserunt officiis delectus.', 'Laborum nobis quam.', 'Architecto perspiciatis molestiae.', 'Sit optio.', 'answer2', '2022-09-20 10:29:58', '2022-09-20 10:29:58'),
(44, 1, 'Dignissimos ducimus ad.', NULL, 'Nostrum et et.', 'Qui molestiae numquam.', 'Exercitationem quia amet quia.', 'Sapiente expedita.', 'answer1', '2022-09-20 10:29:58', '2022-09-20 10:29:58'),
(45, 10, 'Iusto est velit molestiae.', NULL, 'Facilis quaerat.', 'Et.', 'Cumque non autem.', 'Voluptas blanditiis.', 'answer2', '2022-09-20 10:29:58', '2022-09-20 10:29:58'),
(46, 7, 'Consequatur sed enim in aut.', NULL, 'Culpa impedit.', 'Numquam iusto quia.', 'Voluptatum culpa quia cum.', 'Eum.', 'answer3', '2022-09-20 10:29:58', '2022-09-20 10:29:58'),
(47, 7, 'Excepturi rerum nobis blanditiis labore impedit consequuntur.', NULL, 'Aspernatur exercitationem.', 'Eum.', 'Nemo atque.', 'Est aut facere nobis.', 'answer3', '2022-09-20 10:29:58', '2022-09-20 10:29:58'),
(48, 9, 'Quia deleniti eos excepturi ratione ut officia libero.', NULL, 'Omnis.', 'Quibusdam aut.', 'Corrupti eum voluptas.', 'Et ut.', 'answer4', '2022-09-20 10:29:58', '2022-09-20 10:29:58'),
(49, 3, 'Fugiat voluptas cupiditate error amet molestias minima vero.', NULL, 'Ut distinctio et exercitationem occaecati.', 'Sit.', 'Est molestiae tempore est.', 'Quisquam est.', 'answer2', '2022-09-20 10:29:58', '2022-09-20 10:29:58'),
(50, 9, 'Maxime sit quas modi perspiciatis adipisci.', NULL, 'Placeat voluptas libero.', 'Fugiat.', 'Dolores.', 'Voluptatem quo.', 'answer4', '2022-09-20 10:29:58', '2022-09-20 10:29:58'),
(52, 8, 'Aut labore dolores architecto voluptatem doloremque.', NULL, 'Eaque consequuntur.', 'Nesciunt est reiciendis.', 'Sit voluptatibus.', 'Voluptates.', 'answer2', '2022-09-20 10:29:58', '2022-09-20 10:29:58'),
(53, 2, 'Quod ex soluta voluptatem et alias eos.', NULL, 'Et in ducimus.', 'Enim.', 'Et consequatur.', 'Eum.', 'answer3', '2022-09-20 10:29:58', '2022-09-20 10:29:58'),
(54, 9, 'Sed et eligendi.', NULL, 'Odit dolores.', 'Aliquid iure.', 'Tenetur voluptas porro recusandae.', 'Quis corporis est consequatur sit.', 'answer2', '2022-09-20 10:29:58', '2022-09-20 10:29:58'),
(55, 3, 'Fugiat est omnis non.', NULL, 'Sed.', 'Voluptatem unde non.', 'Dolor reprehenderit dolorem tenetur.', 'Nam.', 'answer4', '2022-09-20 10:29:58', '2022-09-20 10:29:58'),
(56, 9, 'Molestiae est repellat dolores est est.', NULL, 'Temporibus voluptates.', 'Similique.', 'Laudantium adipisci.', 'Nulla saepe.', 'answer3', '2022-09-20 10:29:58', '2022-09-20 10:29:58'),
(57, 7, 'Laudantium omnis sed suscipit eos deserunt voluptatem sed.', NULL, 'Sed nostrum voluptatem eveniet.', 'Cum minus.', 'Rerum repellendus quas amet.', 'Ut iure.', 'answer2', '2022-09-20 10:29:58', '2022-09-20 10:29:58'),
(58, 6, 'Adipisci in sequi quasi ipsam.', NULL, 'Aut ipsam.', 'Sit veniam.', 'Explicabo ratione autem.', 'Cupiditate tempora.', 'answer2', '2022-09-20 10:29:58', '2022-09-20 10:29:58'),
(59, 5, 'Iusto laboriosam ad qui saepe et fugit.', NULL, 'Eos necessitatibus dolor.', 'Magni nihil est.', 'Adipisci et.', 'Temporibus consequuntur.', 'answer1', '2022-09-20 10:29:58', '2022-09-20 10:29:58'),
(60, 1, 'Reprehenderit et qui.', NULL, 'Sed aperiam.', 'Nemo laborum.', 'Sed unde fugit.', 'Similique beatae.', 'answer1', '2022-09-20 10:29:58', '2022-09-20 10:29:58'),
(61, 8, 'Ea nam harum.', NULL, 'Aliquid.', 'Excepturi delectus harum placeat.', 'Aliquid nemo voluptatem.', 'Minus sint sunt.', 'answer1', '2022-09-20 10:29:58', '2022-09-20 10:29:58'),
(62, 6, 'Accusantium aut delectus qui sed tenetur.', NULL, 'Laborum sapiente necessitatibus.', 'Repellendus magni praesentium.', 'Quo reiciendis necessitatibus.', 'Illo impedit.', 'answer3', '2022-09-20 10:29:58', '2022-09-20 10:29:58'),
(63, 9, 'Reiciendis illo in non vel sed.', NULL, 'Doloremque sit id non.', 'Et officiis et.', 'Amet ducimus unde minus.', 'Sint quibusdam non.', 'answer1', '2022-09-20 10:29:58', '2022-09-20 10:29:58'),
(64, 2, 'Provident sit ut.', NULL, 'Doloribus.', 'Cumque odit sed optio.', 'Doloribus ut.', 'Est laudantium dolorem.', 'answer3', '2022-09-20 10:29:58', '2022-09-20 10:29:58'),
(65, 8, 'Et voluptas inventore.', NULL, 'Dignissimos ut fuga iure.', 'Aut architecto.', 'Voluptatem ea.', 'Deserunt doloremque.', 'answer1', '2022-09-20 10:29:58', '2022-09-20 10:29:58'),
(66, 3, 'Officiis recusandae voluptates magnam.', NULL, 'Deleniti sed.', 'Est autem ratione id.', 'Dolorem et.', 'Labore ut ratione numquam.', 'answer3', '2022-09-20 10:29:58', '2022-09-20 10:29:58'),
(67, 10, 'Est deserunt natus dolorem occaecati neque laborum suscipit.', NULL, 'Quisquam omnis id.', 'Voluptatum commodi fugiat.', 'Atque ab eaque.', 'Quam in minus ex.', 'answer4', '2022-09-20 10:29:58', '2022-09-20 10:29:58'),
(68, 10, 'Soluta reiciendis et possimus.', NULL, 'Ut et.', 'Ab tenetur saepe neque.', 'Eligendi ipsum.', 'Sunt.', 'answer2', '2022-09-20 10:29:58', '2022-09-20 10:29:58'),
(69, 5, 'Tempore modi non consequatur quia sunt error.', NULL, 'Sit libero ut voluptas.', 'Suscipit.', 'Sed animi maiores est.', 'Ratione aut qui.', 'answer3', '2022-09-20 10:29:58', '2022-09-20 10:29:58'),
(70, 6, 'Cumque ullam et repellat consectetur iste.', NULL, 'Rerum in.', 'Beatae dolorem.', 'Nihil culpa quia.', 'Sunt aperiam minus fuga.', 'answer1', '2022-09-20 10:29:58', '2022-09-20 10:29:58'),
(72, 5, 'Debitis fugit voluptate doloribus ipsum.', NULL, 'Ratione non quia.', 'Velit laudantium quia provident.', 'Ut.', 'Quia ratione.', 'answer3', '2022-09-20 10:29:58', '2022-09-20 10:29:58'),
(73, 1, 'Delectus nostrum harum praesentium et ea quasi.', NULL, 'Quis.', 'Rem nihil.', 'Dolores dolorum impedit.', 'Error nihil.', 'answer3', '2022-09-20 10:29:58', '2022-09-20 10:29:58'),
(74, 9, 'Eum distinctio fugiat tempora vel aut.', NULL, 'Expedita sed.', 'Laudantium non.', 'Ut aut aliquid repudiandae.', 'Harum consequatur dignissimos quaerat.', 'answer2', '2022-09-20 10:29:58', '2022-09-20 10:29:58'),
(75, 8, 'Iusto et possimus ut consequatur ratione.', NULL, 'Aut molestiae ullam.', 'Dolorem necessitatibus architecto.', 'Animi qui labore ad.', 'Est.', 'answer4', '2022-09-20 10:29:58', '2022-09-20 10:29:58'),
(76, 10, 'Quas laboriosam natus pariatur autem dignissimos non omnis qui.', NULL, 'Esse id.', 'Repellendus ab iusto.', 'Sequi inventore.', 'Ipsam mollitia esse.', 'answer4', '2022-09-20 10:29:58', '2022-09-20 10:29:58'),
(77, 7, 'Libero quod fugiat.', NULL, 'Provident illo.', 'Amet ut.', 'Recusandae voluptatem.', 'Cum veniam et.', 'answer2', '2022-09-20 10:29:58', '2022-09-20 10:29:58'),
(79, 1, 'Minus aut expedita tempora.', NULL, 'Exercitationem.', 'Delectus earum necessitatibus.', 'Deserunt repellendus.', 'Facere neque deleniti.', 'answer4', '2022-09-20 10:29:58', '2022-09-20 10:29:58'),
(80, 6, 'Rerum cumque est.', NULL, 'Eius sint.', 'Veritatis veniam deleniti.', 'Accusantium laboriosam eveniet neque.', 'Quas veritatis rerum nostrum.', 'answer4', '2022-09-20 10:29:58', '2022-09-20 10:29:58'),
(81, 3, 'Ducimus quia deserunt rerum aperiam mollitia necessitatibus.', NULL, 'Corrupti.', 'Placeat dolor.', 'Velit fugit ratione eius.', 'Quos.', 'answer2', '2022-09-20 10:29:58', '2022-09-20 10:29:58'),
(82, 3, 'Et non ea qui.', NULL, 'Minus unde expedita.', 'Assumenda minima.', 'Et.', 'Quia qui.', 'answer4', '2022-09-20 10:29:58', '2022-09-20 10:29:58'),
(83, 1, 'Voluptate reiciendis et dolorum ea beatae.', NULL, 'Quod.', 'Natus debitis.', 'Ipsa aliquid.', 'Laboriosam exercitationem.', 'answer2', '2022-09-20 10:29:58', '2022-09-20 10:29:58'),
(84, 3, 'Excepturi magni eos rerum voluptas voluptas laborum.', NULL, 'Id esse.', 'Qui qui vero exercitationem officia.', 'Dolor asperiores quo eum.', 'Expedita animi perferendis voluptatem.', 'answer4', '2022-09-20 10:29:58', '2022-09-20 10:29:58'),
(85, 9, 'Cupiditate cumque tempore facilis odit aliquam.', NULL, 'Voluptatem ab.', 'Aut odit.', 'Temporibus explicabo eos.', 'Officiis.', 'answer4', '2022-09-20 10:29:58', '2022-09-20 10:29:58'),
(86, 10, 'Nam animi quod ratione officiis libero.', NULL, 'Dolores.', 'Eos qui vitae.', 'Itaque.', 'Similique quidem fuga.', 'answer2', '2022-09-20 10:29:58', '2022-09-20 10:29:58'),
(87, 10, 'Dolores porro rerum soluta pariatur.', NULL, 'Blanditiis exercitationem harum.', 'Quos sequi.', 'Id dolore et.', 'Alias ea.', 'answer2', '2022-09-20 10:29:58', '2022-09-20 10:29:58'),
(88, 2, 'Distinctio incidunt placeat aut consequuntur qui eos.', NULL, 'Consequatur quia et atque quis.', 'Perferendis at nemo.', 'Odit doloremque.', 'Accusantium architecto dolore sapiente est.', 'answer4', '2022-09-20 10:29:58', '2022-09-20 10:29:58'),
(89, 7, 'Sit deserunt necessitatibus et deserunt ratione aut.', NULL, 'Voluptatem nihil.', 'Rem qui.', 'Cum reiciendis qui.', 'Sequi aliquid aliquid beatae.', 'answer1', '2022-09-20 10:29:58', '2022-09-20 10:29:58'),
(90, 3, 'Ex rerum molestias repellendus officia perferendis voluptatibus.', NULL, 'Quia ut rerum.', 'Non aut.', 'Dolores quo id.', 'Nesciunt officia.', 'answer2', '2022-09-20 10:29:58', '2022-09-20 10:29:58'),
(91, 5, 'Ut quibusdam et voluptas et vero hic ea.', NULL, 'Earum.', 'Illum sunt quos laborum.', 'Temporibus sed aut.', 'Et ut.', 'answer4', '2022-09-20 10:29:58', '2022-09-20 10:29:58'),
(92, 3, 'Quae suscipit laboriosam perferendis incidunt provident eum ipsum explicabo omnis.', NULL, 'Et dolore sed.', 'Consectetur.', 'Excepturi provident.', 'Pariatur fugit.', 'answer3', '2022-09-20 10:29:58', '2022-09-20 10:29:58'),
(93, 10, 'Animi assumenda labore earum officiis dicta ex.', NULL, 'Voluptas est error.', 'Id alias quia.', 'Nobis quod.', 'Labore beatae.', 'answer4', '2022-09-20 10:29:58', '2022-09-20 10:29:58'),
(95, 10, 'Reprehenderit ad harum laborum harum labore cupiditate.', NULL, 'Earum quidem et deserunt.', 'Quia eum.', 'Rerum voluptatem nam est rerum.', 'Et omnis distinctio.', 'answer2', '2022-09-20 10:29:58', '2022-09-20 10:29:58'),
(96, 9, 'Laboriosam ea quidem sapiente impedit porro voluptatum.', NULL, 'Esse maxime ut exercitationem.', 'In commodi.', 'Quia rerum.', 'Ut.', 'answer1', '2022-09-20 10:29:58', '2022-09-20 10:29:58'),
(97, 1, 'Et sint est.', NULL, 'Perspiciatis ratione dolorum voluptatem.', 'Qui dolores.', 'Aperiam.', 'Aliquid.', 'answer1', '2022-09-20 10:29:58', '2022-09-20 10:29:58'),
(98, 9, 'Nesciunt et.', NULL, 'Sint consectetur nobis.', 'Sit non suscipit nam.', 'Delectus rem.', 'Laudantium consequatur reprehenderit.', 'answer3', '2022-09-20 10:29:58', '2022-09-20 10:29:58'),
(99, 2, 'Omnis consequatur architecto aut.', NULL, 'Qui.', 'Culpa laudantium dolores.', 'Similique quia quidem.', 'Ea autem.', 'answer2', '2022-09-20 10:29:58', '2022-09-20 10:29:58'),
(100, 5, 'Ut omnis quia ad.', NULL, 'Sed.', 'Quia aut.', 'Quis cupiditate.', 'Doloribus et.', 'answer1', '2022-09-20 10:29:58', '2022-09-20 10:29:58'),
(101, 5, 'Deneme soru', 'uploads/deneme-soru.png', 'deneme', 'deneme', 'deneme', 'deneme', 'answer4', '2022-09-20 15:36:43', '2022-09-20 15:36:43');

-- --------------------------------------------------------

--
-- Tablo için tablo yapısı `quizzes`
--

DROP TABLE IF EXISTS `quizzes`;
CREATE TABLE IF NOT EXISTS `quizzes` (
  `id` bigint(20) UNSIGNED NOT NULL AUTO_INCREMENT,
  `title` varchar(255) COLLATE utf8_turkish_ci NOT NULL,
  `description` longtext COLLATE utf8_turkish_ci,
  `slug` varchar(255) COLLATE utf8_turkish_ci NOT NULL,
  `status` enum('publish','draft','passive') COLLATE utf8_turkish_ci NOT NULL DEFAULT 'draft',
  `finished_at` timestamp NULL DEFAULT NULL,
  `created_at` timestamp NULL DEFAULT NULL,
  `updated_at` timestamp NULL DEFAULT NULL,
  PRIMARY KEY (`id`)
) ENGINE=InnoDB AUTO_INCREMENT=11 DEFAULT CHARSET=utf8 COLLATE=utf8_turkish_ci;

--
-- Tablo döküm verisi `quizzes`
--

INSERT INTO `quizzes` (`id`, `title`, `description`, `slug`, `status`, `finished_at`, `created_at`, `updated_at`) VALUES
(1, 'Nihil ex quia.', 'Facilis quasi perspiciatis sunt ut. Nemo aliquam et voluptatem dolore labore magnam ipsa dolores. Quasi omnis et ea dolore iure rerum. Et aut dolores mollitia aut qui.', 'nihil-ex-quia', 'publish', '2022-10-06 17:44:00', '2022-09-20 10:29:58', '2022-09-20 14:44:32'),
(2, 'Voluptatem et quisquam praesentium vero.', 'Voluptatem quia voluptatem voluptates sunt non maxime. Eum nisi a et aperiam. Ipsum esse vel eos. Cum nemo dolor excepturi consequatur nemo aspernatur rerum accusantium.', 'voluptatem-et-quisquam-praesentium-vero', 'publish', '2022-10-09 17:45:00', '2022-09-20 10:29:58', '2022-09-20 14:45:26'),
(3, 'Consequatur similique sint quia molestiae.', 'Voluptatem earum dolor eos sequi. Minus modi numquam unde error magni odio quibusdam. Adipisci at temporibus sit veritatis expedita voluptatem. Odio et ut quod recusandae.', 'consequatur-similique-sint-quia-molestiae', 'publish', '2022-09-20 15:32:00', '2022-09-20 10:29:58', '2022-09-20 15:33:03'),
(5, 'Düzenlendi', 'Düzenlendi', 'provident-voluptatem-et-quidem-adipisci', 'publish', '2022-09-20 00:35:00', '2022-09-20 10:29:58', '2022-09-20 15:35:20'),
(6, 'Nemo non et voluptatem quidem non.', 'Fuga ipsa ea corporis rerum. Perspiciatis est in magni.', 'nemo-non-et-voluptatem-quidem-non', 'draft', NULL, '2022-09-20 10:29:58', '2022-09-20 10:29:58'),
(7, 'Et dolores id ut sapiente numquam recusandae.', 'Aut ipsam officia eligendi ab magni. Aspernatur aliquam ut qui placeat sit ut quis non. Voluptates consequatur dolorum quidem commodi dicta odio.', 'et-dolores-id-ut-sapiente-numquam-recusandae', 'publish', '2022-09-20 15:26:00', '2022-09-20 10:29:58', '2022-09-20 15:26:55'),
(8, 'Qui quidem illum eveniet dolorum.', 'Quod nesciunt et doloremque et laborum velit sunt eum. Officiis quisquam quos vero repellendus architecto doloribus. Omnis qui fugiat aut praesentium iusto voluptas.', 'qui-quidem-illum-eveniet-dolorum', 'draft', NULL, '2022-09-20 10:29:58', '2022-09-20 10:29:58'),
(9, 'Reiciendis cum rerum.', 'Vitae vitae sunt omnis occaecati. Velit optio libero id aliquam ullam autem ut at. Soluta aut dolorem soluta asperiores est debitis. Et consequatur aliquam rerum molestiae temporibus ad at ea.', 'reiciendis-cum-rerum', 'draft', NULL, '2022-09-20 10:29:58', '2022-09-20 10:29:58'),
(10, 'Id voluptatem porro perferendis.', 'Placeat et deserunt et id ut eligendi accusantium. Fugit laudantium praesentium enim. Dicta quo tempore tempora et maiores sit. Ducimus in dolorem assumenda expedita.', 'id-voluptatem-porro-perferendis', 'draft', NULL, '2022-09-20 10:29:58', '2022-09-20 10:29:58');

-- --------------------------------------------------------

--
-- Tablo için tablo yapısı `results`
--

DROP TABLE IF EXISTS `results`;
CREATE TABLE IF NOT EXISTS `results` (
  `id` bigint(20) UNSIGNED NOT NULL AUTO_INCREMENT,
  `user_id` bigint(20) UNSIGNED NOT NULL,
  `quiz_id` bigint(20) UNSIGNED NOT NULL,
  `point` int(11) NOT NULL,
  `correct` int(11) NOT NULL,
  `wrong` int(11) NOT NULL,
  `created_at` timestamp NULL DEFAULT NULL,
  `updated_at` timestamp NULL DEFAULT NULL,
  PRIMARY KEY (`id`),
  KEY `user_id` (`user_id`),
  KEY `quiz_id` (`quiz_id`)
) ENGINE=InnoDB AUTO_INCREMENT=23 DEFAULT CHARSET=utf8 COLLATE=utf8_turkish_ci;

--
-- Tablo döküm verisi `results`
--

INSERT INTO `results` (`id`, `user_id`, `quiz_id`, `point`, `correct`, `wrong`, `created_at`, `updated_at`) VALUES
(1, 2, 2, 80, 5, 7, '2022-09-20 10:29:58', '2022-09-20 10:29:58'),
(2, 5, 7, 74, 15, 20, '2022-09-20 10:29:58', '2022-09-20 10:29:58'),
(3, 7, 10, 86, 12, 3, '2022-09-20 10:29:58', '2022-09-20 10:29:58'),
(4, 9, 7, 63, 14, 6, '2022-09-20 10:29:58', '2022-09-20 10:29:58'),
(5, 7, 7, 85, 14, 8, '2022-09-20 10:29:58', '2022-09-20 10:29:58'),
(6, 8, 1, 44, 10, 20, '2022-09-20 10:29:58', '2022-09-20 10:29:58'),
(7, 8, 7, 16, 10, 7, '2022-09-20 10:29:58', '2022-09-20 10:29:58'),
(8, 10, 10, 69, 4, 3, '2022-09-20 10:29:58', '2022-09-20 10:29:58'),
(9, 9, 7, 90, 15, 5, '2022-09-20 10:29:58', '2022-09-20 10:29:58'),
(11, 10, 5, 86, 6, 7, '2022-09-20 10:29:58', '2022-09-20 10:29:58'),
(12, 7, 3, 96, 17, 4, '2022-09-20 10:29:58', '2022-09-20 10:29:58'),
(13, 1, 7, 64, 3, 14, '2022-09-20 10:29:58', '2022-09-20 10:29:58'),
(14, 6, 8, 56, 20, 6, '2022-09-20 10:29:58', '2022-09-20 10:29:58'),
(15, 2, 1, 87, 17, 17, '2022-09-20 10:29:58', '2022-09-20 10:29:58'),
(16, 7, 8, 65, 8, 6, '2022-09-20 10:29:58', '2022-09-20 10:29:58'),
(17, 6, 2, 63, 11, 7, '2022-09-20 10:29:58', '2022-09-20 10:29:58'),
(18, 5, 3, 62, 11, 2, '2022-09-20 10:29:58', '2022-09-20 10:29:58'),
(19, 10, 1, 61, 16, 5, '2022-09-20 10:29:58', '2022-09-20 10:29:58'),
(20, 7, 3, 75, 14, 8, '2022-09-20 10:29:58', '2022-09-20 10:29:58'),
(21, 1, 2, 20, 2, 8, '2022-09-20 14:45:59', '2022-09-20 14:45:59'),
(22, 1, 1, 18, 2, 9, '2022-09-20 14:47:39', '2022-09-20 14:47:39');

-- --------------------------------------------------------

--
-- Tablo için tablo yapısı `sessions`
--

DROP TABLE IF EXISTS `sessions`;
CREATE TABLE IF NOT EXISTS `sessions` (
  `id` varchar(255) COLLATE utf8_turkish_ci NOT NULL,
  `user_id` bigint(20) UNSIGNED DEFAULT NULL,
  `ip_address` varchar(45) COLLATE utf8_turkish_ci DEFAULT NULL,
  `user_agent` text COLLATE utf8_turkish_ci,
  `payload` text COLLATE utf8_turkish_ci NOT NULL,
  `last_activity` int(11) NOT NULL,
  PRIMARY KEY (`id`),
  KEY `sessions_user_id_index` (`user_id`),
  KEY `sessions_last_activity_index` (`last_activity`)
) ENGINE=MyISAM DEFAULT CHARSET=utf8 COLLATE=utf8_turkish_ci;

--
-- Tablo döküm verisi `sessions`
--

INSERT INTO `sessions` (`id`, `user_id`, `ip_address`, `user_agent`, `payload`, `last_activity`) VALUES
('fTef8N9yYYubUKJuoqnE2bDhpR9Whz4j7ljU3Kr9', 1, '127.0.0.1', 'Mozilla/5.0 (Windows NT 10.0; Win64; x64) AppleWebKit/537.36 (KHTML, like Gecko) Chrome/105.0.0.0 Safari/537.36', 'YTo0OntzOjY6Il90b2tlbiI7czo0MDoibjZva2pTWXlaT20ya0IxS2xtTFVWQXZLTWxGQXZwRkZJdHhOaVNscyI7czo2OiJfZmxhc2giO2E6Mjp7czozOiJvbGQiO2E6MDp7fXM6MzoibmV3IjthOjA6e319czo5OiJfcHJldmlvdXMiO2E6MTp7czozOiJ1cmwiO3M6NDI6Imh0dHA6Ly9sb2NhbGhvc3Q6ODAwMC9hZG1pbi9xdWl6emVzL2NyZWF0ZSI7fXM6NTA6ImxvZ2luX3dlYl81OWJhMzZhZGRjMmIyZjk0MDE1ODBmMDE0YzdmNThlYTRlMzA5ODlkIjtpOjE7fQ==', 1663704658);

-- --------------------------------------------------------

--
-- Tablo için tablo yapısı `teams`
--

DROP TABLE IF EXISTS `teams`;
CREATE TABLE IF NOT EXISTS `teams` (
  `id` bigint(20) UNSIGNED NOT NULL AUTO_INCREMENT,
  `user_id` bigint(20) UNSIGNED NOT NULL,
  `name` varchar(255) COLLATE utf8_turkish_ci NOT NULL,
  `personal_team` tinyint(1) NOT NULL,
  `created_at` timestamp NULL DEFAULT NULL,
  `updated_at` timestamp NULL DEFAULT NULL,
  PRIMARY KEY (`id`),
  KEY `teams_user_id_index` (`user_id`)
) ENGINE=MyISAM DEFAULT CHARSET=utf8 COLLATE=utf8_turkish_ci;

-- --------------------------------------------------------

--
-- Tablo için tablo yapısı `team_invitations`
--

DROP TABLE IF EXISTS `team_invitations`;
CREATE TABLE IF NOT EXISTS `team_invitations` (
  `id` bigint(20) UNSIGNED NOT NULL AUTO_INCREMENT,
  `team_id` bigint(20) UNSIGNED NOT NULL,
  `email` varchar(255) COLLATE utf8_turkish_ci NOT NULL,
  `role` varchar(255) COLLATE utf8_turkish_ci DEFAULT NULL,
  `created_at` timestamp NULL DEFAULT NULL,
  `updated_at` timestamp NULL DEFAULT NULL,
  PRIMARY KEY (`id`),
  UNIQUE KEY `team_invitations_team_id_email_unique` (`team_id`,`email`)
) ENGINE=MyISAM DEFAULT CHARSET=utf8 COLLATE=utf8_turkish_ci;

-- --------------------------------------------------------

--
-- Tablo için tablo yapısı `team_user`
--

DROP TABLE IF EXISTS `team_user`;
CREATE TABLE IF NOT EXISTS `team_user` (
  `id` bigint(20) UNSIGNED NOT NULL AUTO_INCREMENT,
  `team_id` bigint(20) UNSIGNED NOT NULL,
  `user_id` bigint(20) UNSIGNED NOT NULL,
  `role` varchar(255) COLLATE utf8_turkish_ci DEFAULT NULL,
  `created_at` timestamp NULL DEFAULT NULL,
  `updated_at` timestamp NULL DEFAULT NULL,
  PRIMARY KEY (`id`),
  UNIQUE KEY `team_user_team_id_user_id_unique` (`team_id`,`user_id`)
) ENGINE=MyISAM DEFAULT CHARSET=utf8 COLLATE=utf8_turkish_ci;

-- --------------------------------------------------------

--
-- Tablo için tablo yapısı `users`
--

DROP TABLE IF EXISTS `users`;
CREATE TABLE IF NOT EXISTS `users` (
  `id` bigint(20) UNSIGNED NOT NULL AUTO_INCREMENT,
  `name` varchar(255) COLLATE utf8_turkish_ci NOT NULL,
  `email` varchar(255) COLLATE utf8_turkish_ci NOT NULL,
  `type` enum('admin','user') COLLATE utf8_turkish_ci NOT NULL DEFAULT 'user',
  `email_verified_at` timestamp NULL DEFAULT NULL,
  `password` varchar(255) COLLATE utf8_turkish_ci NOT NULL,
  `two_factor_secret` text COLLATE utf8_turkish_ci,
  `two_factor_recovery_codes` text COLLATE utf8_turkish_ci,
  `two_factor_confirmed_at` timestamp NULL DEFAULT NULL,
  `remember_token` varchar(100) COLLATE utf8_turkish_ci DEFAULT NULL,
  `current_team_id` bigint(20) UNSIGNED DEFAULT NULL,
  `profile_photo_path` varchar(2048) COLLATE utf8_turkish_ci DEFAULT NULL,
  `created_at` timestamp NULL DEFAULT NULL,
  `updated_at` timestamp NULL DEFAULT NULL,
  PRIMARY KEY (`id`),
  UNIQUE KEY `users_email_unique` (`email`)
) ENGINE=InnoDB AUTO_INCREMENT=12 DEFAULT CHARSET=utf8 COLLATE=utf8_turkish_ci;

--
-- Tablo döküm verisi `users`
--

INSERT INTO `users` (`id`, `name`, `email`, `type`, `email_verified_at`, `password`, `two_factor_secret`, `two_factor_recovery_codes`, `two_factor_confirmed_at`, `remember_token`, `current_team_id`, `profile_photo_path`, `created_at`, `updated_at`) VALUES
(1, 'Mustafa Haskul', 'mhaskul67@gmail.com', 'admin', '2022-09-20 10:29:58', '$2y$10$92IXUNpkjO0rOQ5byMi.Ye4oKoEa3Ro9llC/.og/at2.uheWG/igi', NULL, NULL, NULL, 'vJ3h5vsVTVSVrZGmZLV4IyFCCCX9QDBOdUrIpX5HnaCcWssFoa2EVSywCZr4', NULL, NULL, NULL, NULL),
(2, 'Hipolito Haley', 'jazmin.streich@example.org', 'user', '2022-09-20 10:29:58', '$2y$10$92IXUNpkjO0rOQ5byMi.Ye4oKoEa3Ro9llC/.og/at2.uheWG/igi', NULL, NULL, NULL, 'BVSlZI4RXM', NULL, NULL, '2022-09-20 10:29:58', '2022-09-20 10:29:58'),
(3, 'Maritza Blanda', 'doug10@example.org', 'admin', '2022-09-20 10:29:58', '$2y$10$92IXUNpkjO0rOQ5byMi.Ye4oKoEa3Ro9llC/.og/at2.uheWG/igi', NULL, NULL, NULL, 'xkWeFiQHSG', NULL, NULL, '2022-09-20 10:29:58', '2022-09-20 10:29:58'),
(4, 'Aliza Marquardt', 'dan99@example.com', 'admin', '2022-09-20 10:29:58', '$2y$10$92IXUNpkjO0rOQ5byMi.Ye4oKoEa3Ro9llC/.og/at2.uheWG/igi', NULL, NULL, NULL, 'nMLejGOFsR', NULL, NULL, '2022-09-20 10:29:58', '2022-09-20 10:29:58'),
(5, 'Orpha Willms', 'gibson.augustine@example.net', 'user', '2022-09-20 10:29:58', '$2y$10$92IXUNpkjO0rOQ5byMi.Ye4oKoEa3Ro9llC/.og/at2.uheWG/igi', NULL, NULL, NULL, 'xkMsgEpwle', NULL, NULL, '2022-09-20 10:29:58', '2022-09-20 10:29:58'),
(6, 'Allie Koss', 'marcelino.considine@example.net', 'user', '2022-09-20 10:29:58', '$2y$10$92IXUNpkjO0rOQ5byMi.Ye4oKoEa3Ro9llC/.og/at2.uheWG/igi', NULL, NULL, NULL, 'YZF7nIgWTY', NULL, NULL, '2022-09-20 10:29:58', '2022-09-20 10:29:58'),
(7, 'Laila Langosh', 'zgrady@example.com', 'admin', '2022-09-20 10:29:58', '$2y$10$92IXUNpkjO0rOQ5byMi.Ye4oKoEa3Ro9llC/.og/at2.uheWG/igi', NULL, NULL, NULL, '1gtUvEmb6r', NULL, NULL, '2022-09-20 10:29:58', '2022-09-20 10:29:58'),
(8, 'Dr. Abby Weber DDS', 'kiarra54@example.org', 'admin', '2022-09-20 10:29:58', '$2y$10$92IXUNpkjO0rOQ5byMi.Ye4oKoEa3Ro9llC/.og/at2.uheWG/igi', NULL, NULL, NULL, 'JHf4lEbDdc', NULL, NULL, '2022-09-20 10:29:58', '2022-09-20 10:29:58'),
(9, 'Jaylon Dach', 'luisa20@example.com', 'user', '2022-09-20 10:29:58', '$2y$10$92IXUNpkjO0rOQ5byMi.Ye4oKoEa3Ro9llC/.og/at2.uheWG/igi', NULL, NULL, NULL, 'eetEl8JSnh', NULL, NULL, '2022-09-20 10:29:58', '2022-09-20 10:29:58'),
(10, 'Mr. Alexandre West IV', 'keegan.bechtelar@example.com', 'user', '2022-09-20 10:29:58', '$2y$10$92IXUNpkjO0rOQ5byMi.Ye4oKoEa3Ro9llC/.og/at2.uheWG/igi', NULL, NULL, NULL, 'On6YH34Qxq', NULL, NULL, '2022-09-20 10:29:58', '2022-09-20 10:29:58'),
(11, 'Claudie Stamm', 'amos04@example.org', 'user', '2022-09-20 10:29:58', '$2y$10$92IXUNpkjO0rOQ5byMi.Ye4oKoEa3Ro9llC/.og/at2.uheWG/igi', NULL, NULL, NULL, 'sAJEXSx2Ie', NULL, NULL, '2022-09-20 10:29:58', '2022-09-20 10:29:58');

--
-- Dökümü yapılmış tablolar için kısıtlamalar
--

--
-- Tablo kısıtlamaları `answers`
--
ALTER TABLE `answers`
  ADD CONSTRAINT `answers_ibfk_1` FOREIGN KEY (`user_id`) REFERENCES `users` (`id`) ON DELETE CASCADE,
  ADD CONSTRAINT `answers_ibfk_2` FOREIGN KEY (`question_id`) REFERENCES `questions` (`id`) ON DELETE CASCADE;

--
-- Tablo kısıtlamaları `questions`
--
ALTER TABLE `questions`
  ADD CONSTRAINT `questions_ibfk_1` FOREIGN KEY (`quiz_id`) REFERENCES `quizzes` (`id`) ON DELETE CASCADE;

--
-- Tablo kısıtlamaları `results`
--
ALTER TABLE `results`
  ADD CONSTRAINT `results_ibfk_1` FOREIGN KEY (`user_id`) REFERENCES `users` (`id`) ON DELETE CASCADE,
  ADD CONSTRAINT `results_ibfk_2` FOREIGN KEY (`quiz_id`) REFERENCES `quizzes` (`id`) ON DELETE CASCADE;
COMMIT;

/*!40101 SET CHARACTER_SET_CLIENT=@OLD_CHARACTER_SET_CLIENT */;
/*!40101 SET CHARACTER_SET_RESULTS=@OLD_CHARACTER_SET_RESULTS */;
/*!40101 SET COLLATION_CONNECTION=@OLD_COLLATION_CONNECTION */;
